ALFIE,AMELIA,HARRY
ALICE,LILY,ALFIE
AMELIA,EVE,ADAM
ARTHUR,POPPY,FREDDIE
AVA,OLIVIA,OLIVER
CHARLIE,OLIVIA,OLIVER
CHARLOTTE,AVA,JACOB
CHLOE,GRACE,LOGAN
DAISY,AVA,JACOB
DANIEL,ELLA,OSCAR
ELLA,EMILY,GEORGE
EMILY,EVE,ADAM
ETHAN,POPPY,FREDDIE
EVELYN,GRACE,LOGAN
FINLEY,ELLA,OSCAR
FREDDIE,ISLA,JACK
FREYA,LILY,ALFIE
GEORGE,EVE,ADAM
GRACE,ISLA,JACK
HARPER,ISABELLA,LEO
HARRISON,ELLA,OSCAR
HARRY,EVE,ADAM
HENRY,SOPHIA,CHARLIE
ISAAC,POPPY,FREDDIE
ISABELLA,ISLA,JACK
ISABELLE,ISABELLA,LEO
ISLA,EVE,ADAM
IVY,LILY,ALFIE
JACK,EVE,ADAM
JACOB,AMELIA,HARRY
JAMES,MIA,NOAH
JESSICA,AVA,JACOB
JOSHUA,MIA,NOAH
LEO,EMILY,GEORGE
LILY,OLIVIA,OLIVER
LOGAN,EMILY,GEORGE
LUCAS,SOPHIA,CHARLIE
MASON,POPPY,FREDDIE
MAX,SOPHIA,CHARLIE
MIA,AMELIA,HARRY
NOAH,OLIVIA,OLIVER
OLIVER,EVE,ADAM
OLIVIA,EVE,ADAM
OSCAR,ISLA,JACK
PHOEBE,GRACE,LOGAN
POPPY,EMILY,GEORGE
RUBY,ISABELLA,LEO
SCARLETT,GRACE,LOGAN
SIENNA,LILY,ALFIE
SOPHIA,AMELIA,HARRY
SOPHIE,AVA,JACOB
TEDDY,ELLA,OSCAR
THEO,MIA,NOAH
THOMAS,MIA,NOAH
WILLIAM,SOPHIA,CHARLIE
WILLOW,ISABELLA,LEO
